<?xml version='1.0' encoding='UTF-8'?>
<slide.quiz xmlns="https://ulearn.me/schema/v2" title="Пример теста с ручной проверкой" id="41138C54848F4F49856BB738B7E39D29">
  <scoring manualCheck="true"/>
  <question.text id="123" explanation="одна или более цифр" maxScore="5">
    <text>Введите корректное число</text>
    <sample>42</sample>
    <regex>\d+</regex>
  </question.text>
  <question.text id="123a" multiline="true">
    <text>Напишите сочинение</text>
  </question.text>
  <question.order id="234" maxScore="4" explanation="Объяснение правильного ответа">
    <text>Упорядочите элементы</text>
    <item id="1">Первый длинный вариант, очень длинный, самый длинный, многострочный и никуда не влазящий</item>
    <item id="2">Второй</item>
    <item id="3">Третий</item>
    <item id="4">Четвёртый</item>
    <item id="5">Пятый</item>
  </question.order>
  <question.choice id="choiceQuestionMultiple" multiple="true" shuffle="true" maxScore="3">
    <text>Выберите варианты</text>
    <item id="1">Первый вариант</item>
    <item id="2">Второй вариант</item>
    <item id="3">Третий вариант</item>
    <item id="4">Четвёртый вариант</item>
  </question.choice>
  <question.match id="345" shuffleFixed="true">
    <text>Поставьте в соответствие</text>
    <explanation>Объяснение правильного ответа</explanation>
    <match id="1">
      <fixed>Пётр Первый, очень длинный, самый длинный, многострочный и никуда не влазящий</fixed>
      <movable>Иван Первый</movable>
    </match>
    <match id="2">
      <fixed>Пётр Второй</fixed>
      <movable>Иван Второй</movable>
    </match>
    <match id="3">
      <fixed>Пётр Третий</fixed>
      <movable>Иван Третий, очень длинный, самый длинный, многострочный и никуда не влазящий</movable>
    </match>
    <match id="4">
      <fixed>Пётр Четвёртый</fixed>
      <movable>Иван Грозный</movable>
    </match>
    <match id="5">
      <fixed>Пётр Пятый</fixed>
      <movable>Иван Пятый</movable>
    </match>
  </question.match>
</slide.quiz>
