<?xml version='1.0' encoding='UTF-8'?>
<course xmlns="https://ulearn.me/schema/v2" title="Справка для авторов курсов (xml)">
  <enableCodeReviewAndQuizManualCheckForEveryone>false</enableCodeReviewAndQuizManualCheckForEveryone>
  <dictionaryFile>dictionary.txt</dictionaryFile>
  <defaultLanguage>csharp</defaultLanguage>
  <units>
    <add>*/unit.xml</add>
  </units>
  <scoring defaultQuiz="laboratory" defaultExercise="homework" default="laboratory">
    <group id="laboratory" abbr="ЛЗ" maxAdditionalScore="10">Лабораторные занятия</group>
    <group id="homework" abbr="ДЗ" maxAdditionalScore="20">Домашняя работа</group>
    <group id="activity" abbr="Акт" maxAdditionalScore="0" enableForEveryone="true">Активность на уроках</group>
  </scoring>
</course>
